Colaborador;Função;Período;Dias;Início original;Novo início;Deslocamento (dias);Novo fim;Retorno
BRUNO DE ASSIS DA SILVA SOBRAL;OFICIAL DE REDE EXTERNA;1;30;02/08/2027;qua 04/08/2027;2;02/09/2027;sex 03/09/2027
JERCILIO CLAUDINO ALVES;OFICIAL DE REDE EXTERNA;1;20;05/07/2027;ter 15/06/2027;-20;04/07/2027;seg 05/07/2027
ANDRE LIMA DE MELO;TECNICO DE REDE EXTERNA;1;30;12/12/2027;seg 13/12/2027;1;11/01/2028;qua 12/01/2028
CICERO SANTOS ALVES;TECNICO DE REDE EXTERNA;1;30;03/03/2027;qua 17/02/2027;-14;18/03/2027;sex 19/03/2027
DENILSON RODRIGUES SOUSA;OFICIAL DE REDE EXTERNA;1;30;04/05/2027;ter 24/08/2027;112;22/09/2027;qui 23/09/2027
EDUARDO TAVARES DE SOUSA;AUXILIAR DE REDE EXTERNA;1;30;04/05/2027;qua 02/06/2027;29;01/07/2027;sex 02/07/2027
GENIELSON MOREIRA OLIVEIRA;TECNICO DE REDE EXTERNA;1;30;13/07/2027;seg 26/07/2027;13;24/08/2027;qua 25/08/2027
GEARDSON PEREIRA OLIVEIRA;AUXILIAR DE REDE EXTERNA;1;30;03/05/2027;qua 31/03/2027;-33;29/04/2027;sex 30/04/2027
JAMILTON DE SOUSA CASTRO;TECNICO DE REDE EXTERNA;1;30;01/09/2027;qua 25/08/2027;-7;23/09/2027;sex 24/09/2027
CESARIO RUBERVAL FREITAS;TECNICO DE REDE EXTERNA;1;30;27/12/2026;seg 28/12/2026;1;26/01/2027;qua 27/01/2027
DANIEL DOS SANTOS FREITAS;Oficial de Rede optica;1;30;27/12/2026;seg 28/12/2026;1;26/01/2027;qua 27/01/2027
DZAJIC BORGES DE SOUZA;OFICIAL DE REDE EXTERNA;1;20;03/05/2027;ter 13/04/2027;-20;02/05/2027;seg 03/05/2027
IGOR RAFAEL DE SOUSA GUEDES;TECNICO DE REDE EXTERNA;1;20;03/05/2027;qua 05/05/2027;2;24/05/2027;ter 25/05/2027
JOSE NETO DA SILVA;OFICIAL DE REDE EXTERNA;1;20;01/02/2027;qua 03/03/2027;30;22/03/2027;ter 23/03/2027
SILVIO CESAR DA SILVA GUEDES;OFICIAL DE REDE EXTERNA;1;20;01/02/2027;qua 03/02/2027;2;22/02/2027;ter 23/02/2027
IVANDRO PESSOA DA NOBREGA ALENCAR;GESTOR DE OPERACOES;1;10;08/02/2027;qua 10/02/2027;2;19/02/2027;seg 22/02/2027
MIGUEL BARROS DE CARVALHO JUNIOR;GESTOR DE AREA N2;1;15;11/01/2027;seg 01/02/2027;21;15/02/2027;ter 16/02/2027
RAFAEL NUNES DO NASCIMENTO;GESTOR DE AREA N2;1;20;01/06/2027;qua 14/04/2027;-48;03/05/2027;ter 04/05/2027
ERIK RAYKAR SANTOS SOUSA;TECNICO DE SERVICOS AO CLIENTE B2C;1;20;04/01/2027;qua 03/02/2027;30;22/02/2027;ter 23/02/2027
HERBERT LUCAS BARROS SILVA;TECNICO DE SERVICOS AO CLIENTE B2C;1;30;01/03/2027;qua 05/05/2027;65;03/06/2027;sex 04/06/2027
HUMBERTO DA SILVA RAMOS;TECNICO DE SERVICOS AO CLIENTE B2C;1;30;07/06/2027;ter 11/05/2027;-27;09/06/2027;qui 10/06/2027
MANOEL VIVALDO DA COSTA FILHO;TECNICO DE SERVICOS AO CLIENTE B2C;1;20;01/11/2027;qua 03/11/2027;2;22/11/2027;ter 23/11/2027
MARCIO MOURA;TECNICO DE SERVICOS AO CLIENTE B2C;1;20;12/07/2027;ter 15/06/2027;-27;04/07/2027;seg 05/07/2027
MATHEUS SANTOS DE SOUSA;TECNICO DE SERVICOS AO CLIENTE B2C;1;30;15/03/2027;qua 10/03/2027;-5;08/04/2027;sex 09/04/2027
CLEMILTON MENDES DA SILVA;TECNICO DE REDE EXTERNA;1;20;05/07/2027;ter 15/06/2027;-20;04/07/2027;seg 05/07/2027
DONIZETE DOS SANTOS SIQUEIRA;TECNICO DE SERVICOS AO CLIENTE B2B;1;30;06/09/2027;qua 08/09/2027;2;07/10/2027;sex 08/10/2027
LEANDRO RODRIGUES DA SILVA;TECNICO DE SERVICOS AO CLIENTE B2C;1;30;02/08/2027;qua 04/08/2027;2;02/09/2027;sex 03/09/2027
MARCELLO LUIZ SOUZA;TECNICO DE SERVICOS AO CLIENTE B2C;1;30;11/10/2027;qua 13/10/2027;2;11/11/2027;sex 12/11/2027
EMISSON BARBOSA PAIVA;TECNICO DE SERVICOS AO CLIENTE B2C;1;30;02/11/2027;qua 03/11/2027;1;02/12/2027;sex 03/12/2027
ADRIANO SANTOS DA SILVA;TECNICO DE INFRAESTRUTURA DE REDE;1;30;01/11/2027;qua 03/11/2027;2;02/12/2027;sex 03/12/2027
MAMEDE BARROS MONTEIRO FILHO;TECNICO DE INFRAESTRUTURA DE REDE;1;20;10/06/2027;qua 09/06/2027;-1;28/06/2027;ter 29/06/2027
WAGNER DA LUZ FIGUEIREDO;GESTOR DE AREA;1;20;11/10/2027;seg 25/10/2027;14;13/11/2027;ter 16/11/2027
DASHIEL DOSTOIEVSKI SALES SOARES;GESTOR DE AREA;1;20;10/06/2027;ter 22/06/2027;12;11/07/2027;seg 12/07/2027
NAAN CARLOS CABRAL OLIVEIRA;GESTOR DE AREA;1;20;19/04/2027;qua 14/04/2027;-5;03/05/2027;ter 04/05/2027
RUAN LABRE GABRIEL DA SILVA;GESTOR DE AREA;1;20;04/01/2027;ter 19/01/2027;15;07/02/2027;qua 10/02/2027
FRANCINILDO JANSEN MARINHO;TECNICO DE SERVICOS AO CLIENTE B2C;1;20;12/07/2027;ter 22/06/2027;-20;11/07/2027;seg 12/07/2027
NATAN PADILHA PINHEIRO;TECNICO DE SERVICOS AO CLIENTE B2C;1;30;02/08/2027;qua 04/08/2027;2;02/09/2027;sex 03/09/2027
ELISVALDO DE ARAUJO;TECNICO DE SERVICOS AO CLIENTE B2C;1;30;05/11/2026;seg 09/11/2026;4;08/12/2026;qua 09/12/2026
FELIX MACHADO OLIVEIRA;TECNICO DE SERVICOS AO CLIENTE B2C;1;30;06/03/2027;qua 03/03/2027;-3;01/04/2027;sex 02/04/2027
GUILHERME FRANCISCO CAVALCANTE LACERDA;TECNICO DE SERVICOS AO CLIENTE B2C;1;30;10/05/2027;qua 31/03/2027;-40;29/04/2027;sex 30/04/2027
SOSTENES DOS SANTOS PINHEIRO;TECNICO DE SERVICOS AO CLIENTE B2C;1;30;04/02/2027;qua 03/02/2027;-1;04/03/2027;sex 05/03/2027
ALEKSEI THOMAS OLIVEIRA DE ABREU;GESTOR DE AREA N2;1;20;01/11/2027;qua 03/11/2027;2;22/11/2027;ter 23/11/2027
